{"https://graph.facebook.com/me/feed?fields=likes%2Ccomments%2Cmessage": "{\"error\":{\"message\":\"An active access token must be used to query information about the current user.\",\"type\":\"OAuthException\",\"code\":2500,\"fbtrace_id\":\"EWP10OpQorR\"}}", "https://graph.facebook.com/v2.11/10210685013626537/feed?fields=likes,comments,message&limit=25&until=1486605919&__paging_token=enc_AdCQLVqZBEe73ZBGebHvWjhOoZCeMdNgHHkq0quZCGyl74WYVAZCZAI9ZA2dRH6cKZCjck5hrgcmNE3PdJk6XYhbhC1l61NS&fields=likes%2Ccomments%2Cmessage": "{\"error\":{\"message\":\"An access token is required to request this resource.\",\"type\":\"OAuthException\",\"code\":104,\"fbtrace_id\":\"FplZ1vna2O4\"}}", "https://graph.facebook.com/v2.11/10210685013626537/feed?fields=likes,comments,message&limit=25&__paging_token=enc_AdAhbGZCnVcKBtJ41KnyMCkpzbfybtZAxqcsnR3rm3mCxoBIqzAamAfyFHMH5WwcDtolk8DayUUmzoHTiZBes5bWfkQ&until=1471345273&fields=likes%2Ccomments%2Cmessage": "{\"error\":{\"message\":\"An access token is required to request this resource.\",\"type\":\"OAuthException\",\"code\":104,\"fbtrace_id\":\"BkDDiwJviQc\"}}", "https://graph.facebook.com/v2.11/10210685013626537/feed?fields=likes,comments,message&limit=25&__paging_token=enc_AdDRF48lQb4rLO4tKlQvBV5s4ZA0mYlBY5u9aO7X60DbrBOVti7Wa6mpFdbILXnZBw8N0u0zrcWBEILRpMb9ut3B0cg4Xzy5mYQmRbQA8nvrZA5LtZB1z0TIifATfyWDlqmlCZA4ZD&until=1471345257&fields=likes%2Ccomments%2Cmessage": "{\"error\":{\"message\":\"An access token is required to request this resource.\",\"type\":\"OAuthException\",\"code\":104,\"fbtrace_id\":\"A8GUF+Gud+m\"}}", "https://graph.facebook.com/v2.11/10210685013626537/feed?fields=likes,comments,message&limit=25&__paging_token=enc_AdAhZBMZA4QOjKuZBBWZBiHshjWdZCNBLok5XDDugMsn32iv2RBOC2ZAGqet2jZC0mhliMHLJrpthuaeaYXZByrqxglTrZCqp&until=1460901777&fields=likes%2Ccomments%2Cmessage": "{\"error\":{\"message\":\"An access token is required to request this resource.\",\"type\":\"OAuthException\",\"code\":104,\"fbtrace_id\":\"De8KpSlZjHS\"}}", "https://graph.facebook.com/v2.11/10210685013626537/feed?fields=likes,comments,message&limit=25&__paging_token=enc_AdCOJL5ZBWCQA8h0cBmyfJwwQw5GEs7luWFq7aWyArbQWhHNy1jZCfxJMqLk8ilFKc239weZA0lytOxfXcbJzhs0ZBsp&until=1448973244&fields=likes%2Ccomments%2Cmessage": "{\"error\":{\"message\":\"An access token is required to request this resource.\",\"type\":\"OAuthException\",\"code\":104,\"fbtrace_id\":\"GOTuSZx9l2c\"}}", "https://graph.facebook.com/v2.11/10210685013626537/feed?fields=likes,comments,message&limit=25&__paging_token=enc_AdBC3feW4Rqwjrxru0JeP0ZANZCa09JaTRh3Hz2RL2hGx2YPyo5MhcUkWgZCIUIa3pOmTwhiomBXrrMUNDhrArjUt3J&until=1443273020&fields=likes%2Ccomments%2Cmessage": "{\"error\":{\"message\":\"An access token is required to request this resource.\",\"type\":\"OAuthException\",\"code\":104,\"fbtrace_id\":\"Ei9LigfVVw7\"}}", "https://graph.facebook.com/v2.11/10210685013626537/feed?fields=likes,comments,message&limit=25&__paging_token=enc_AdA4pRx6m3a6nN2kXcLG4FHZBjet2ez6PVTfbApGYiaNnOcPVDRe8dpuuYgFOrSd0ZB5ZB3AlRq69ZCZA4ZCEDLUBat2I5&until=1442951069&fields=likes%2Ccomments%2Cmessage": "{\"error\":{\"message\":\"An access token is required to request this resource.\",\"type\":\"OAuthException\",\"code\":104,\"fbtrace_id\":\"HQmLReLpmnP\"}}", "https://graph.facebook.com/v2.11/10210685013626537/feed?fields=likes,comments,message&limit=25&__paging_token=enc_AdBWcUPOqTDxpAKoCtaaqmGTjwGRrXlHnTY4TVnXwdiO5ZA76V7jWA6cAUqpaRkzIP8MsiFUUQCos8gc74h1PZAHiO&until=1432492983&fields=likes%2Ccomments%2Cmessage": "{\"error\":{\"message\":\"An access token is required to request this resource.\",\"type\":\"OAuthException\",\"code\":104,\"fbtrace_id\":\"EiUY1vAFeIo\"}}", "https://graph.facebook.com/v2.11/10210685013626537/feed?fields=likes,comments,message&limit=25&__paging_token=enc_AdA304GzhU8Jxc33akvfQUWOcIp2ioZBDaZAmO4RV0tqHSEVnqA2Qc0mPkDJZBMfoftuMT744kZBcaLs4ZAbiZAWQUfGlM&until=1417404748&fields=likes%2Ccomments%2Cmessage": "{\"error\":{\"message\":\"An access token is required to request this resource.\",\"type\":\"OAuthException\",\"code\":104,\"fbtrace_id\":\"GH1klfFzWWJ\"}}", "https://graph.facebook.com/v2.11/10210685013626537/feed?fields=likes,comments,message&limit=25&__paging_token=enc_AdB3KriEwICaeREvQ5q1GItS1bymSMEKF8CUA0s9oBi9nSnG48u7fIj6OVLNdbh73GVWwTLm3jnCnZCRFX2p9kUjH&until=1407844190&fields=likes%2Ccomments%2Cmessage": "{\"error\":{\"message\":\"An access token is required to request this resource.\",\"type\":\"OAuthException\",\"code\":104,\"fbtrace_id\":\"H7UBBlku4At\"}}", "https://graph.facebook.com/v2.11/10210685013626537/feed?fields=likes,comments,message&limit=25&__paging_token=enc_AdBzEOhZATinvk8ul1F16m7iYEN7SJ5GAx0vhE3EOFxPJAqwOYdO8q5vF8LA8QZBGHUTeCJ798ggBRgQ6lvqIDzLTa&until=1384724292&fields=likes%2Ccomments%2Cmessage": "{\"error\":{\"message\":\"An access token is required to request this resource.\",\"type\":\"OAuthException\",\"code\":104,\"fbtrace_id\":\"FV5Ubs\\/Jdwz\"}}", "https://graph.facebook.com/v2.11/10210685013626537/feed?fields=likes,comments,message&limit=25&__paging_token=enc_AdDHPQuxIRC3YnqJx7ZCLTdXFSc36RuqK2H1pMFBB1rUdWZA9IgYYZATTYM3VWjY9zmz3IRbiVXGmqgX0ePHKRIagKj&until=1376409893&fields=likes%2Ccomments%2Cmessage": "{\"error\":{\"message\":\"An access token is required to request this resource.\",\"type\":\"OAuthException\",\"code\":104,\"fbtrace_id\":\"F9C0\\/pOYIIa\"}}", "https://graph.facebook.com/v2.11/10210685013626537/feed?fields=likes,comments,message&limit=25&__paging_token=enc_AdCFTZBlZCGASHTeHD2ZBW2SjLwK33oCfhtaqGgUOToFeBPn4OfWLRFxj33TEYWFZCwk3ZBRQGzdhAmKb4sfuBtIHDdaI&until=1363314356&fields=likes%2Ccomments%2Cmessage": "{\"error\":{\"message\":\"An access token is required to request this resource.\",\"type\":\"OAuthException\",\"code\":104,\"fbtrace_id\":\"Bhhrfo63ooM\"}}", "https://graph.facebook.com/v2.11/10210685013626537/feed?fields=likes,comments,message&limit=25&__paging_token=enc_AdAWydc0po0XywXdpyoMnOQWZBsiPbj7r1ZBmzA9nNYTscH2lZBIQN4GRaaUiQPaz1FZA2WW9fk5k7kWb1Fjh2oysRT1&until=1350323833&fields=likes%2Ccomments%2Cmessage": "{\"error\":{\"message\":\"An access token is required to request this resource.\",\"type\":\"OAuthException\",\"code\":104,\"fbtrace_id\":\"FT8x\\/JBBI8f\"}}", "https://graph.facebook.com/v2.11/10210685013626537/feed?fields=likes,comments,message&limit=25&__paging_token=enc_AdB6qAUPC7d01xvvhGBtSV4rERMre8jfGXVZAx98sw5yZBsmHNZBNFjMWaYwPPX8BWrDHEaZCXf9mOBHQInei54YEilM&until=1340450815&fields=likes%2Ccomments%2Cmessage": "{\"error\":{\"message\":\"An access token is required to request this resource.\",\"type\":\"OAuthException\",\"code\":104,\"fbtrace_id\":\"EA8pJ6HHJ9M\"}}", "https://graph.facebook.com/v2.11/10210685013626537/feed?fields=likes,comments,message&limit=25&__paging_token=enc_AdChApnk6yZA85y3QBZAFpDOn3SH3qzpTLoFEfroXMAotpyleVurVUORZAEuqkpW5hV7c81xixwrjFG2Lh9EaLtecFr&until=1336247416&fields=likes%2Ccomments%2Cmessage": "{\"error\":{\"message\":\"An access token is required to request this resource.\",\"type\":\"OAuthException\",\"code\":104,\"fbtrace_id\":\"E+CexWZrt9y\"}}", "https://graph.facebook.com/v2.11/10210685013626537/feed?fields=likes,comments,message&limit=25&__paging_token=enc_AdBZBnBi5SDcBNTwhnWUObHZCcGTZChHPUAlIaICQcfokEDkiZAaZADQlPZC7VFEfiRwxxRwZAdg57LvuACyL7dFEh2ZB538&until=1335562716&fields=likes%2Ccomments%2Cmessage": "{\"error\":{\"message\":\"An access token is required to request this resource.\",\"type\":\"OAuthException\",\"code\":104,\"fbtrace_id\":\"C9FwmB5x6Te\"}}", "https://graph.facebook.com/v2.11/10210685013626537/feed?fields=likes,comments,message&limit=25&__paging_token=enc_AdAWshsVdWQfjNgKQ4JP55h9eHIIRJnWxZCpCjxzVNEffepp0ANyZBSY1k8EuIYqbmVpjAmE6bRxGvLwqFo31D0RhG&until=1334799858&fields=likes%2Ccomments%2Cmessage": "{\"error\":{\"message\":\"An access token is required to request this resource.\",\"type\":\"OAuthException\",\"code\":104,\"fbtrace_id\":\"H\\/noLN68E\\/M\"}}", "https://graph.facebook.com/v2.11/10210685013626537/feed?fields=likes,comments,message&limit=25&__paging_token=enc_AdBCCNSU7XM4bhB3fxfKLrbgCZA1N9lCJQH5oI6Y3C43XKzrdygutZBQo5gmbLFx5kuyEu0FwuNtMZBBbIuSpkYB8Jk&until=1332553805&fields=likes%2Ccomments%2Cmessage": "{\"error\":{\"message\":\"An access token is required to request this resource.\",\"type\":\"OAuthException\",\"code\":104,\"fbtrace_id\":\"DQFYKuMvgaQ\"}}", "https://graph.facebook.com/v2.11/10210685013626537/feed?fields=likes,comments,message&limit=25&__paging_token=enc_AdAEDF6TisZBR6rFS5omc4h722nSNt2nrsNEx8ZBsaluueBZAafFv1zoy7X3ZA6cSGVWslHL5fm7lrOA46w4zUlSiGCl&until=1331250928&fields=likes%2Ccomments%2Cmessage": "{\"error\":{\"message\":\"An access token is required to request this resource.\",\"type\":\"OAuthException\",\"code\":104,\"fbtrace_id\":\"HrY31PiCrB9\"}}", "https://graph.facebook.com/v2.11/10210685013626537/feed?fields=likes,comments,message&limit=25&__paging_token=enc_AdCvTYuNlfvZCTMnWPmqOrxxtuzEnaAFBXbWgUe157yGTsrGZB5GYRvPdcZCCVzbpZAwGKXir0TgcyX2Os4B36wJQc3g&until=1330054367&fields=likes%2Ccomments%2Cmessage": "{\"error\":{\"message\":\"An access token is required to request this resource.\",\"type\":\"OAuthException\",\"code\":104,\"fbtrace_id\":\"CJIj2lzF7ES\"}}", "https://graph.facebook.com/v2.11/10210685013626537/feed?fields=likes,comments,message&limit=25&__paging_token=enc_AdCc6aTvxyvUrTVQsRl4kMKya21wuvbHdAtl1eAOZAdAy7YkQKbGZCZB5Jh48HkQmyNugwxfM4Oe2CkDZABoZALQGJja8&until=1328390661&fields=likes%2Ccomments%2Cmessage": "{\"error\":{\"message\":\"An access token is required to request this resource.\",\"type\":\"OAuthException\",\"code\":104,\"fbtrace_id\":\"BakGRjaGEto\"}}", "https://graph.facebook.com/v2.11/10210685013626537/feed?fields=likes,comments,message&limit=25&__paging_token=enc_AdASw5Lp02h3j7ZCwKH7IyDviOeIoJDWACPZCmo6ioxNeRRzUZBfwqlggsEKInpF8WcXg43BuqjPIq6s1FhZB3dZClogZB&until=1327098200&fields=likes%2Ccomments%2Cmessage": "{\"error\":{\"message\":\"An access token is required to request this resource.\",\"type\":\"OAuthException\",\"code\":104,\"fbtrace_id\":\"H24DHL8Vm7s\"}}", "https://graph.facebook.com/v2.11/10210685013626537/feed?fields=likes,comments,message&limit=25&__paging_token=enc_AdCSEdjGHtQihT8a7KaXgLwsnh7AuzXPZCDrQBg2v8CxNlVJOUgwRU4ixLr5oQv5oUQNiO77NF4CPr8G3aC55jcJo&until=1325458965&fields=likes%2Ccomments%2Cmessage": "{\"error\":{\"message\":\"An access token is required to request this resource.\",\"type\":\"OAuthException\",\"code\":104,\"fbtrace_id\":\"D2wjrOETQO\\/\"}}", "https://graph.facebook.com/v2.11/10210685013626537/feed?fields=likes,comments,message&limit=25&__paging_token=enc_AdAW0PVqtCl9CqhqGJxbZCJplfNG0PzMpZBhsZArOBZCeQZAGPntBfUxNYp8P9zgpPr3epUVMgqvXuRRZBnl8mJ0OGFSp4&until=1324091354&fields=likes%2Ccomments%2Cmessage": "{\"error\":{\"message\":\"An access token is required to request this resource.\",\"type\":\"OAuthException\",\"code\":104,\"fbtrace_id\":\"DKB0euOKgRV\"}}", "https://graph.facebook.com/v2.11/10210685013626537/feed?fields=likes,comments,message&limit=25&__paging_token=enc_AdDDcbT2NB9943VenxP2xdJiPYAJTaJ7CpnZBzZBovtAygPr1tytkm1wM37jic7B87xxOAa0uHctxFMau0E2Ov2r8K&until=1323224743&fields=likes%2Ccomments%2Cmessage": "{\"error\":{\"message\":\"An access token is required to request this resource.\",\"type\":\"OAuthException\",\"code\":104,\"fbtrace_id\":\"EgmV9XTAeJO\"}}", "https://graph.facebook.com/v2.11/10210685013626537/feed?fields=likes,comments,message&limit=25&__paging_token=enc_AdBRK8OS4RHsNHSfXK3HbKuChScrKYf7ygYh6hPjVwS571PZBzJiPm9u7trUbuyUiBAz8NtntqrP0WYbYf8ADwniH&until=1321404474&fields=likes%2Ccomments%2Cmessage": "{\"error\":{\"message\":\"An access token is required to request this resource.\",\"type\":\"OAuthException\",\"code\":104,\"fbtrace_id\":\"Fm7YrA2BloY\"}}", "https://graph.facebook.com/v2.11/10210685013626537/feed?fields=likes,comments,message&limit=25&__paging_token=enc_AdBkU4seZBCqfKB6gSeYA2VPkc7LtvIYPyZABZCwUeQXWbnGyQZBJUHnqkYeTSgPDjbVS795f9k9UZAHoOjZBZBvDarKLq5&until=1313711853&fields=likes%2Ccomments%2Cmessage": "{\"error\":{\"message\":\"An access token is required to request this resource.\",\"type\":\"OAuthException\",\"code\":104,\"fbtrace_id\":\"FEJcxK3Oj9B\"}}", "https://graph.facebook.com/v2.11/10210685013626537/feed?fields=likes,comments,message&limit=25&__paging_token=enc_AdDRK6xy8R1qHKmZCk4NtETIYkwBXKIWkHvqN5O8FkRu8z2EDKn3YzDZCXpJyCgcXgQPcwZChphNGMK1cWEkB3ZCfVgZB&until=1292187222&fields=likes%2Ccomments%2Cmessage": "{\"error\":{\"message\":\"An access token is required to request this resource.\",\"type\":\"OAuthException\",\"code\":104,\"fbtrace_id\":\"BgKUQdVLcZ6\"}}", "https://graph.facebook.com/v2.11/10210685013626537/feed?fields=likes,comments,message&limit=25&__paging_token=enc_AdABsl53ntNj1VsfSTjlBYsheQHb8tBJDII7Mseaf2t4UnDmKqHbz8cMqugfJ5Wcp41yG5BIIylJAzXMvvA41sRV&until=1237765424&fields=likes%2Ccomments%2Cmessage": "{\"error\":{\"message\":\"An access token is required to request this resource.\",\"type\":\"OAuthException\",\"code\":104,\"fbtrace_id\":\"HKSchTBYb\\/l\"}}", "https://graph.facebook.com/v2.11/10210685013626537/feed?fields=likes,comments,message&limit=25&__paging_token=enc_AdASSgZCvDTNJpmT7kim98bfYbWDFfojc5V0Ph0MvWIoTPE8NhDSLSYZAqB7AZAUuixsVQgcZCouRp25RAig6nDZB5n3g&until=1235101547&fields=likes%2Ccomments%2Cmessage": "{\"error\":{\"message\":\"An access token is required to request this resource.\",\"type\":\"OAuthException\",\"code\":104,\"fbtrace_id\":\"BpvGm+KIFKk\"}}"}